Domain Code,Domain,Area Code (M49),Area,Element Code,Element,Item Code,Item,Year Code,Year,Unit,Value,Flag,Flag Description,Note
"CISP","Country Investment Statistics Profile","024","Angola","61840","Value US$, 2015 prices","23068","Credit to Agriculture, Forestry and Fishing","2011","2011","million USD","342.990749","A","Official figure",""
"CISP","Country Investment Statistics Profile","024","Angola","61840","Value US$, 2015 prices","23068","Credit to Agriculture, Forestry and Fishing","2012","2012","million USD","667.656218","A","Official figure",""
"CISP","Country Investment Statistics Profile","024","Angola","61840","Value US$, 2015 prices","23068","Credit to Agriculture, Forestry and Fishing","2013","2013","million USD","724.056687","A","Official figure",""
"CISP","Country Investment Statistics Profile","024","Angola","61840","Value US$, 2015 prices","23068","Credit to Agriculture, Forestry and Fishing","2014","2014","million USD","1116.662818","A","Official figure",""
"CISP","Country Investment Statistics Profile","024","Angola","61840","Value US$, 2015 prices","23068","Credit to Agriculture, Forestry and Fishing","2015","2015","million USD","1510.091208","A","Official figure",""
"CISP","Country Investment Statistics Profile","024","Angola","61840","Value US$, 2015 prices","23068","Credit to Agriculture, Forestry and Fishing","2016","2016","million USD","1573.455248","A","Official figure",""
"CISP","Country Investment Statistics Profile","024","Angola","61840","Value US$, 2015 prices","23068","Credit to Agriculture, Forestry and Fishing","2017","2017","million USD","1229.107053","A","Official figure",""
"CISP","Country Investment Statistics Profile","024","Angola","61840","Value US$, 2015 prices","23068","Credit to Agriculture, Forestry and Fishing","2018","2018","million USD","970.37171","A","Official figure",""
"CISP","Country Investment Statistics Profile","024","Angola","61840","Value US$, 2015 prices","23068","Credit to Agriculture, Forestry and Fishing","2019","2019","million USD","997.043559","A","Official figure",""
"CISP","Country Investment Statistics Profile","024","Angola","61840","Value US$, 2015 prices","23068","Credit to Agriculture, Forestry and Fishing","2020","2020","million USD","950.116751","A","Official figure",""
"CISP","Country Investment Statistics Profile","024","Angola","61840","Value US$, 2015 prices","23068","Credit to Agriculture, Forestry and Fishing","2021","2021","million USD","746.601349","A","Official figure",""
"CISP","Country Investment Statistics Profile","024","Angola","61840","Value US$, 2015 prices","23068","Credit to Agriculture, Forestry and Fishing","2022","2022","million USD","829.329314","A","Official figure",""
"CISP","Country Investment Statistics Profile","024","Angola","61840","Value US$, 2015 prices","23068","Credit to Agriculture, Forestry and Fishing","2023","2023","million USD","588.138438","A","Official figure",""
"CISP","Country Investment Statistics Profile","204","Benin","61840","Value US$, 2015 prices","23068","Credit to Agriculture, Forestry and Fishing","2011","2011","million USD","45.60733","A","Official figure",""
"CISP","Country Investment Statistics Profile","204","Benin","61840","Value US$, 2015 prices","23068","Credit to Agriculture, Forestry and Fishing","2012","2012","million USD","29.593978","A","Official figure",""
"CISP","Country Investment Statistics Profile","204","Benin","61840","Value US$, 2015 prices","23068","Credit to Agriculture, Forestry and Fishing","2013","2013","million USD","30.369591","A","Official figure",""
"CISP","Country Investment Statistics Profile","204","Benin","61840","Value US$, 2015 prices","23068","Credit to Agriculture, Forestry and Fishing","2014","2014","million USD","31.612649","A","Official figure",""
"CISP","Country Investment Statistics Profile","204","Benin","61840","Value US$, 2015 prices","23068","Credit to Agriculture, Forestry and Fishing","2015","2015","million USD","58.804107","A","Official figure",""
"CISP","Country Investment Statistics Profile","204","Benin","61840","Value US$, 2015 prices","23068","Credit to Agriculture, Forestry and Fishing","2016","2016","million USD","40.317023","A","Official figure",""
"CISP","Country Investment Statistics Profile","204","Benin","61840","Value US$, 2015 prices","23068","Credit to Agriculture, Forestry and Fishing","2017","2017","million USD","37.914998","A","Official figure",""
"CISP","Country Investment Statistics Profile","204","Benin","61840","Value US$, 2015 prices","23068","Credit to Agriculture, Forestry and Fishing","2018","2018","million USD","99.082671","A","Official figure",""
"CISP","Country Investment Statistics Profile","204","Benin","61840","Value US$, 2015 prices","23068","Credit to Agriculture, Forestry and Fishing","2019","2019","million USD","68.173244","A","Official figure",""
"CISP","Country Investment Statistics Profile","204","Benin","61840","Value US$, 2015 prices","23068","Credit to Agriculture, Forestry and Fishing","2020","2020","million USD","93.296147","A","Official figure",""
"CISP","Country Investment Statistics Profile","204","Benin","61840","Value US$, 2015 prices","23068","Credit to Agriculture, Forestry and Fishing","2021","2021","million USD","89.971247","A","Official figure",""
"CISP","Country Investment Statistics Profile","204","Benin","61840","Value US$, 2015 prices","23068","Credit to Agriculture, Forestry and Fishing","2022","2022","million USD","12.720996","A","Official figure",""
"CISP","Country Investment Statistics Profile","204","Benin","61840","Value US$, 2015 prices","23068","Credit to Agriculture, Forestry and Fishing","2023","2023","million USD","142.995374","A","Official figure",""
"CISP","Country Investment Statistics Profile","072","Botswana","61840","Value US$, 2015 prices","23068","Credit to Agriculture, Forestry and Fishing","2011","2011","million USD","23.772262","A","Official figure",""
"CISP","Country Investment Statistics Profile","072","Botswana","61840","Value US$, 2015 prices","23068","Credit to Agriculture, Forestry and Fishing","2012","2012","million USD","51.466183","A","Official figure",""
"CISP","Country Investment Statistics Profile","072","Botswana","61840","Value US$, 2015 prices","23068","Credit to Agriculture, Forestry and Fishing","2013","2013","million USD","81.335375","A","Official figure",""
"CISP","Country Investment Statistics Profile","072","Botswana","61840","Value US$, 2015 prices","23068","Credit to Agriculture, Forestry and Fishing","2014","2014","million USD","82.031807","A","Official figure",""
"CISP","Country Investment Statistics Profile","072","Botswana","61840","Value US$, 2015 prices","23068","Credit to Agriculture, Forestry and Fishing","2015","2015","million USD","103.072638","A","Official figure",""
"CISP","Country Investment Statistics Profile","072","Botswana","61840","Value US$, 2015 prices","23068","Credit to Agriculture, Forestry and Fishing","2016","2016","million USD","100.746567","A","Official figure",""
"CISP","Country Investment Statistics Profile","072","Botswana","61840","Value US$, 2015 prices","23068","Credit to Agriculture, Forestry and Fishing","2017","2017","million USD","111.21243","A","Official figure",""
"CISP","Country Investment Statistics Profile","072","Botswana","61840","Value US$, 2015 prices","23068","Credit to Agriculture, Forestry and Fishing","2018","2018","million USD","109.585293","A","Official figure",""
"CISP","Country Investment Statistics Profile","072","Botswana","61840","Value US$, 2015 prices","23068","Credit to Agriculture, Forestry and Fishing","2019","2019","million USD","135.199237","A","Official figure",""
"CISP","Country Investment Statistics Profile","072","Botswana","61840","Value US$, 2015 prices","23068","Credit to Agriculture, Forestry and Fishing","2020","2020","million USD","114.625066","A","Official figure",""
"CISP","Country Investment Statistics Profile","072","Botswana","61840","Value US$, 2015 prices","23068","Credit to Agriculture, Forestry and Fishing","2021","2021","million USD","103.108624","A","Official figure",""
"CISP","Country Investment Statistics Profile","072","Botswana","61840","Value US$, 2015 prices","23068","Credit to Agriculture, Forestry and Fishing","2022","2022","million USD","108.35708","A","Official figure",""
"CISP","Country Investment Statistics Profile","072","Botswana","61840","Value US$, 2015 prices","23068","Credit to Agriculture, Forestry and Fishing","2023","2023","million USD","123.108537","A","Official figure",""
"CISP","Country Investment Statistics Profile","854","Burkina Faso","61840","Value US$, 2015 prices","23068","Credit to Agriculture, Forestry and Fishing","2011","2011","million USD","50.066215","A","Official figure",""
"CISP","Country Investment Statistics Profile","854","Burkina Faso","61840","Value US$, 2015 prices","23068","Credit to Agriculture, Forestry and Fishing","2012","2012","million USD","32.965206","A","Official figure",""
"CISP","Country Investment Statistics Profile","854","Burkina Faso","61840","Value US$, 2015 prices","23068","Credit to Agriculture, Forestry and Fishing","2013","2013","million USD","66.693012","A","Official figure",""
"CISP","Country Investment Statistics Profile","854","Burkina Faso","61840","Value US$, 2015 prices","23068","Credit to Agriculture, Forestry and Fishing","2014","2014","million USD","73.002426","A","Official figure",""
"CISP","Country Investment Statistics Profile","854","Burkina Faso","61840","Value US$, 2015 prices","23068","Credit to Agriculture, Forestry and Fishing","2015","2015","million USD","58.371426","A","Official figure",""
"CISP","Country Investment Statistics Profile","854","Burkina Faso","61840","Value US$, 2015 prices","23068","Credit to Agriculture, Forestry and Fishing","2016","2016","million USD","121.217125","A","Official figure",""
"CISP","Country Investment Statistics Profile","854","Burkina Faso","61840","Value US$, 2015 prices","23068","Credit to Agriculture, Forestry and Fishing","2017","2017","million USD","155.909273","A","Official figure",""
"CISP","Country Investment Statistics Profile","854","Burkina Faso","61840","Value US$, 2015 prices","23068","Credit to Agriculture, Forestry and Fishing","2018","2018","million USD","147.234869","A","Official figure",""
"CISP","Country Investment Statistics Profile","854","Burkina Faso","61840","Value US$, 2015 prices","23068","Credit to Agriculture, Forestry and Fishing","2019","2019","million USD","129.630067","A","Official figure",""
"CISP","Country Investment Statistics Profile","854","Burkina Faso","61840","Value US$, 2015 prices","23068","Credit to Agriculture, Forestry and Fishing","2020","2020","million USD","70.08834","A","Official figure",""
"CISP","Country Investment Statistics Profile","854","Burkina Faso","61840","Value US$, 2015 prices","23068","Credit to Agriculture, Forestry and Fishing","2021","2021","million USD","87.146314","A","Official figure",""
"CISP","Country Investment Statistics Profile","854","Burkina Faso","61840","Value US$, 2015 prices","23068","Credit to Agriculture, Forestry and Fishing","2022","2022","million USD","111.989498","A","Official figure",""
"CISP","Country Investment Statistics Profile","854","Burkina Faso","61840","Value US$, 2015 prices","23068","Credit to Agriculture, Forestry and Fishing","2023","2023","million USD","95.210509","A","Official figure",""
"CISP","Country Investment Statistics Profile","108","Burundi","61840","Value US$, 2015 prices","23068","Credit to Agriculture, Forestry and Fishing","2011","2011","million USD","1.752407","A","Official figure",""
"CISP","Country Investment Statistics Profile","108","Burundi","61840","Value US$, 2015 prices","23068","Credit to Agriculture, Forestry and Fishing","2012","2012","million USD","1.857375","A","Official figure",""
"CISP","Country Investment Statistics Profile","108","Burundi","61840","Value US$, 2015 prices","23068","Credit to Agriculture, Forestry and Fishing","2013","2013","million USD","2.05084","A","Official figure",""
"CISP","Country Investment Statistics Profile","108","Burundi","61840","Value US$, 2015 prices","23068","Credit to Agriculture, Forestry and Fishing","2014","2014","million USD","2.966074","A","Official figure",""
"CISP","Country Investment Statistics Profile","108","Burundi","61840","Value US$, 2015 prices","23068","Credit to Agriculture, Forestry and Fishing","2015","2015","million USD","15.555523","A","Official figure",""
"CISP","Country Investment Statistics Profile","108","Burundi","61840","Value US$, 2015 prices","23068","Credit to Agriculture, Forestry and Fishing","2016","2016","million USD","15.183632","A","Official figure",""
"CISP","Country Investment Statistics Profile","108","Burundi","61840","Value US$, 2015 prices","23068","Credit to Agriculture, Forestry and Fishing","2017","2017","million USD","9.514087","A","Official figure",""
"CISP","Country Investment Statistics Profile","108","Burundi","61840","Value US$, 2015 prices","23068","Credit to Agriculture, Forestry and Fishing","2018","2018","million USD","9.500641","A","Official figure",""
"CISP","Country Investment Statistics Profile","108","Burundi","61840","Value US$, 2015 prices","23068","Credit to Agriculture, Forestry and Fishing","2019","2019","million USD","11.15829","A","Official figure",""
"CISP","Country Investment Statistics Profile","108","Burundi","61840","Value US$, 2015 prices","23068","Credit to Agriculture, Forestry and Fishing","2020","2020","million USD","11.646334","A","Official figure",""
"CISP","Country Investment Statistics Profile","108","Burundi","61840","Value US$, 2015 prices","23068","Credit to Agriculture, Forestry and Fishing","2021","2021","million USD","66.115817","A","Official figure",""
"CISP","Country Investment Statistics Profile","108","Burundi","61840","Value US$, 2015 prices","23068","Credit to Agriculture, Forestry and Fishing","2022","2022","million USD","110.56885","A","Official figure",""
"CISP","Country Investment Statistics Profile","108","Burundi","61840","Value US$, 2015 prices","23068","Credit to Agriculture, Forestry and Fishing","2023","2023","million USD","196.649219","A","Official figure",""
"CISP","Country Investment Statistics Profile","132","Cabo Verde","61840","Value US$, 2015 prices","23068","Credit to Agriculture, Forestry and Fishing","2011","2011","million USD","1.879827","A","Official figure",""
"CISP","Country Investment Statistics Profile","132","Cabo Verde","61840","Value US$, 2015 prices","23068","Credit to Agriculture, Forestry and Fishing","2012","2012","million USD","1.709765","A","Official figure",""
"CISP","Country Investment Statistics Profile","132","Cabo Verde","61840","Value US$, 2015 prices","23068","Credit to Agriculture, Forestry and Fishing","2013","2013","million USD","2.031882","A","Official figure",""
"CISP","Country Investment Statistics Profile","132","Cabo Verde","61840","Value US$, 2015 prices","23068","Credit to Agriculture, Forestry and Fishing","2014","2014","million USD","2.656706","A","Official figure",""
"CISP","Country Investment Statistics Profile","132","Cabo Verde","61840","Value US$, 2015 prices","23068","Credit to Agriculture, Forestry and Fishing","2015","2015","million USD","1.912447","A","Official figure",""
"CISP","Country Investment Statistics Profile","384","Côte d'Ivoire","61840","Value US$, 2015 prices","23068","Credit to Agriculture, Forestry and Fishing","2011","2011","million USD","71.854539","A","Official figure",""
"CISP","Country Investment Statistics Profile","384","Côte d'Ivoire","61840","Value US$, 2015 prices","23068","Credit to Agriculture, Forestry and Fishing","2012","2012","million USD","78.266312","A","Official figure",""
"CISP","Country Investment Statistics Profile","384","Côte d'Ivoire","61840","Value US$, 2015 prices","23068","Credit to Agriculture, Forestry and Fishing","2013","2013","million USD","143.207153","A","Official figure",""
"CISP","Country Investment Statistics Profile","384","Côte d'Ivoire","61840","Value US$, 2015 prices","23068","Credit to Agriculture, Forestry and Fishing","2014","2014","million USD","192.427009","A","Official figure",""
"CISP","Country Investment Statistics Profile","384","Côte d'Ivoire","61840","Value US$, 2015 prices","23068","Credit to Agriculture, Forestry and Fishing","2015","2015","million USD","272.280476","A","Official figure",""
"CISP","Country Investment Statistics Profile","384","Côte d'Ivoire","61840","Value US$, 2015 prices","23068","Credit to Agriculture, Forestry and Fishing","2016","2016","million USD","323.616585","A","Official figure",""
"CISP","Country Investment Statistics Profile","384","Côte d'Ivoire","61840","Value US$, 2015 prices","23068","Credit to Agriculture, Forestry and Fishing","2017","2017","million USD","415.872707","A","Official figure",""
"CISP","Country Investment Statistics Profile","384","Côte d'Ivoire","61840","Value US$, 2015 prices","23068","Credit to Agriculture, Forestry and Fishing","2018","2018","million USD","470.473349","A","Official figure",""
"CISP","Country Investment Statistics Profile","384","Côte d'Ivoire","61840","Value US$, 2015 prices","23068","Credit to Agriculture, Forestry and Fishing","2019","2019","million USD","227.627327","A","Official figure",""
"CISP","Country Investment Statistics Profile","384","Côte d'Ivoire","61840","Value US$, 2015 prices","23068","Credit to Agriculture, Forestry and Fishing","2020","2020","million USD","249.826797","A","Official figure",""
"CISP","Country Investment Statistics Profile","384","Côte d'Ivoire","61840","Value US$, 2015 prices","23068","Credit to Agriculture, Forestry and Fishing","2021","2021","million USD","208.709677","A","Official figure",""
"CISP","Country Investment Statistics Profile","384","Côte d'Ivoire","61840","Value US$, 2015 prices","23068","Credit to Agriculture, Forestry and Fishing","2022","2022","million USD","376.649404","A","Official figure",""
"CISP","Country Investment Statistics Profile","384","Côte d'Ivoire","61840","Value US$, 2015 prices","23068","Credit to Agriculture, Forestry and Fishing","2023","2023","million USD","166.851879","A","Official figure",""
"CISP","Country Investment Statistics Profile","180","Democratic Republic of the Congo","61840","Value US$, 2015 prices","23068","Credit to Agriculture, Forestry and Fishing","2011","2011","million USD","22.317446","A","Official figure",""
"CISP","Country Investment Statistics Profile","180","Democratic Republic of the Congo","61840","Value US$, 2015 prices","23068","Credit to Agriculture, Forestry and Fishing","2012","2012","million USD","58.816201","A","Official figure",""
"CISP","Country Investment Statistics Profile","180","Democratic Republic of the Congo","61840","Value US$, 2015 prices","23068","Credit to Agriculture, Forestry and Fishing","2013","2013","million USD","41.10287","A","Official figure",""
"CISP","Country Investment Statistics Profile","180","Democratic Republic of the Congo","61840","Value US$, 2015 prices","23068","Credit to Agriculture, Forestry and Fishing","2014","2014","million USD","39.908988","A","Official figure",""
"CISP","Country Investment Statistics Profile","180","Democratic Republic of the Congo","61840","Value US$, 2015 prices","23068","Credit to Agriculture, Forestry and Fishing","2015","2015","million USD","53.182689","A","Official figure",""
"CISP","Country Investment Statistics Profile","180","Democratic Republic of the Congo","61840","Value US$, 2015 prices","23068","Credit to Agriculture, Forestry and Fishing","2016","2016","million USD","67.920996","A","Official figure",""
"CISP","Country Investment Statistics Profile","180","Democratic Republic of the Congo","61840","Value US$, 2015 prices","23068","Credit to Agriculture, Forestry and Fishing","2017","2017","million USD","46.371106","A","Official figure",""
"CISP","Country Investment Statistics Profile","180","Democratic Republic of the Congo","61840","Value US$, 2015 prices","23068","Credit to Agriculture, Forestry and Fishing","2018","2018","million USD","39.108764","A","Official figure",""
"CISP","Country Investment Statistics Profile","180","Democratic Republic of the Congo","61840","Value US$, 2015 prices","23068","Credit to Agriculture, Forestry and Fishing","2019","2019","million USD","28.775165","A","Official figure",""
"CISP","Country Investment Statistics Profile","180","Democratic Republic of the Congo","61840","Value US$, 2015 prices","23068","Credit to Agriculture, Forestry and Fishing","2020","2020","million USD","29.035821","A","Official figure",""
"CISP","Country Investment Statistics Profile","180","Democratic Republic of the Congo","61840","Value US$, 2015 prices","23068","Credit to Agriculture, Forestry and Fishing","2021","2021","million USD","42.941854","A","Official figure",""
"CISP","Country Investment Statistics Profile","180","Democratic Republic of the Congo","61840","Value US$, 2015 prices","23068","Credit to Agriculture, Forestry and Fishing","2022","2022","million USD","48.329326","A","Official figure",""
"CISP","Country Investment Statistics Profile","180","Democratic Republic of the Congo","61840","Value US$, 2015 prices","23068","Credit to Agriculture, Forestry and Fishing","2023","2023","million USD","41.346663","A","Official figure",""
"CISP","Country Investment Statistics Profile","818","Egypt","61840","Value US$, 2015 prices","23068","Credit to Agriculture, Forestry and Fishing","2011","2011","million USD","1882.39522","A","Official figure",""
"CISP","Country Investment Statistics Profile","818","Egypt","61840","Value US$, 2015 prices","23068","Credit to Agriculture, Forestry and Fishing","2012","2012","million USD","1075.170748","A","Official figure",""
"CISP","Country Investment Statistics Profile","818","Egypt","61840","Value US$, 2015 prices","23068","Credit to Agriculture, Forestry and Fishing","2013","2013","million USD","939.566485","A","Official figure",""
"CISP","Country Investment Statistics Profile","818","Egypt","61840","Value US$, 2015 prices","23068","Credit to Agriculture, Forestry and Fishing","2014","2014","million USD","1022.642604","A","Official figure",""
"CISP","Country Investment Statistics Profile","818","Egypt","61840","Value US$, 2015 prices","23068","Credit to Agriculture, Forestry and Fishing","2015","2015","million USD","1137.005106","A","Official figure",""
"CISP","Country Investment Statistics Profile","818","Egypt","61840","Value US$, 2015 prices","23068","Credit to Agriculture, Forestry and Fishing","2016","2016","million USD","1280.494882","A","Official figure",""
"CISP","Country Investment Statistics Profile","818","Egypt","61840","Value US$, 2015 prices","23068","Credit to Agriculture, Forestry and Fishing","2017","2017","million USD","1211.554249","A","Official figure",""
"CISP","Country Investment Statistics Profile","818","Egypt","61840","Value US$, 2015 prices","23068","Credit to Agriculture, Forestry and Fishing","2018","2018","million USD","1431.358249","A","Official figure",""
"CISP","Country Investment Statistics Profile","818","Egypt","61840","Value US$, 2015 prices","23068","Credit to Agriculture, Forestry and Fishing","2019","2019","million USD","1896.909502","A","Official figure",""
"CISP","Country Investment Statistics Profile","818","Egypt","61840","Value US$, 2015 prices","23068","Credit to Agriculture, Forestry and Fishing","2020","2020","million USD","2252.453566","A","Official figure",""
"CISP","Country Investment Statistics Profile","818","Egypt","61840","Value US$, 2015 prices","23068","Credit to Agriculture, Forestry and Fishing","2021","2021","million USD","3060.053842","A","Official figure",""
"CISP","Country Investment Statistics Profile","818","Egypt","61840","Value US$, 2015 prices","23068","Credit to Agriculture, Forestry and Fishing","2022","2022","million USD","3377.127221","A","Official figure",""
"CISP","Country Investment Statistics Profile","818","Egypt","61840","Value US$, 2015 prices","23068","Credit to Agriculture, Forestry and Fishing","2023","2023","million USD","2791.886147","A","Official figure",""
"CISP","Country Investment Statistics Profile","231","Ethiopia","61840","Value US$, 2015 prices","23068","Credit to Agriculture, Forestry and Fishing","2011","2011","million USD","885.619815","A","Official figure",""
"CISP","Country Investment Statistics Profile","231","Ethiopia","61840","Value US$, 2015 prices","23068","Credit to Agriculture, Forestry and Fishing","2012","2012","million USD","1076.459817","A","Official figure",""
"CISP","Country Investment Statistics Profile","231","Ethiopia","61840","Value US$, 2015 prices","23068","Credit to Agriculture, Forestry and Fishing","2013","2013","million USD","999.723626","A","Official figure",""
"CISP","Country Investment Statistics Profile","231","Ethiopia","61840","Value US$, 2015 prices","23068","Credit to Agriculture, Forestry and Fishing","2014","2014","million USD","851.904676","A","Official figure",""
"CISP","Country Investment Statistics Profile","231","Ethiopia","61840","Value US$, 2015 prices","23068","Credit to Agriculture, Forestry and Fishing","2015","2015","million USD","902.946813","A","Official figure",""
"CISP","Country Investment Statistics Profile","231","Ethiopia","61840","Value US$, 2015 prices","23068","Credit to Agriculture, Forestry and Fishing","2016","2016","million USD","881.694729","A","Official figure",""
"CISP","Country Investment Statistics Profile","231","Ethiopia","61840","Value US$, 2015 prices","23068","Credit to Agriculture, Forestry and Fishing","2017","2017","million USD","812.892356","A","Official figure",""
"CISP","Country Investment Statistics Profile","231","Ethiopia","61840","Value US$, 2015 prices","23068","Credit to Agriculture, Forestry and Fishing","2018","2018","million USD","704.20155","A","Official figure",""
"CISP","Country Investment Statistics Profile","231","Ethiopia","61840","Value US$, 2015 prices","23068","Credit to Agriculture, Forestry and Fishing","2019","2019","million USD","651.949767","A","Official figure",""
"CISP","Country Investment Statistics Profile","231","Ethiopia","61840","Value US$, 2015 prices","23068","Credit to Agriculture, Forestry and Fishing","2020","2020","million USD","570.244025","A","Official figure",""
"CISP","Country Investment Statistics Profile","231","Ethiopia","61840","Value US$, 2015 prices","23068","Credit to Agriculture, Forestry and Fishing","2021","2021","million USD","706.761347","A","Official figure",""
"CISP","Country Investment Statistics Profile","231","Ethiopia","61840","Value US$, 2015 prices","23068","Credit to Agriculture, Forestry and Fishing","2022","2022","million USD","857.498458","A","Official figure",""
"CISP","Country Investment Statistics Profile","231","Ethiopia","61840","Value US$, 2015 prices","23068","Credit to Agriculture, Forestry and Fishing","2023","2023","million USD","1157.829004","A","Official figure",""
"CISP","Country Investment Statistics Profile","266","Gabon","61840","Value US$, 2015 prices","23068","Credit to Agriculture, Forestry and Fishing","2011","2011","million USD","0.452457","A","Official figure",""
"CISP","Country Investment Statistics Profile","266","Gabon","61840","Value US$, 2015 prices","23068","Credit to Agriculture, Forestry and Fishing","2012","2012","million USD","0.419345","A","Official figure",""
"CISP","Country Investment Statistics Profile","270","Gambia","61840","Value US$, 2015 prices","23068","Credit to Agriculture, Forestry and Fishing","2011","2011","million USD","9.724519","A","Official figure",""
"CISP","Country Investment Statistics Profile","270","Gambia","61840","Value US$, 2015 prices","23068","Credit to Agriculture, Forestry and Fishing","2012","2012","million USD","8.423682","A","Official figure",""
"CISP","Country Investment Statistics Profile","270","Gambia","61840","Value US$, 2015 prices","23068","Credit to Agriculture, Forestry and Fishing","2013","2013","million USD","5.081277","A","Official figure",""
"CISP","Country Investment Statistics Profile","270","Gambia","61840","Value US$, 2015 prices","23068","Credit to Agriculture, Forestry and Fishing","2014","2014","million USD","1.623625","A","Official figure",""
"CISP","Country Investment Statistics Profile","270","Gambia","61840","Value US$, 2015 prices","23068","Credit to Agriculture, Forestry and Fishing","2015","2015","million USD","3.811208","A","Official figure",""
"CISP","Country Investment Statistics Profile","270","Gambia","61840","Value US$, 2015 prices","23068","Credit to Agriculture, Forestry and Fishing","2016","2016","million USD","6.336407","A","Official figure",""
"CISP","Country Investment Statistics Profile","270","Gambia","61840","Value US$, 2015 prices","23068","Credit to Agriculture, Forestry and Fishing","2017","2017","million USD","8.360659","A","Official figure",""
"CISP","Country Investment Statistics Profile","270","Gambia","61840","Value US$, 2015 prices","23068","Credit to Agriculture, Forestry and Fishing","2018","2018","million USD","1.842211","A","Official figure",""
"CISP","Country Investment Statistics Profile","270","Gambia","61840","Value US$, 2015 prices","23068","Credit to Agriculture, Forestry and Fishing","2019","2019","million USD","2.674804","A","Official figure",""
"CISP","Country Investment Statistics Profile","270","Gambia","61840","Value US$, 2015 prices","23068","Credit to Agriculture, Forestry and Fishing","2020","2020","million USD","5.03669","A","Official figure",""
"CISP","Country Investment Statistics Profile","270","Gambia","61840","Value US$, 2015 prices","23068","Credit to Agriculture, Forestry and Fishing","2021","2021","million USD","0.505463","A","Official figure",""
"CISP","Country Investment Statistics Profile","270","Gambia","61840","Value US$, 2015 prices","23068","Credit to Agriculture, Forestry and Fishing","2022","2022","million USD","29.208312","A","Official figure",""
"CISP","Country Investment Statistics Profile","270","Gambia","61840","Value US$, 2015 prices","23068","Credit to Agriculture, Forestry and Fishing","2023","2023","million USD","20.767751","A","Official figure",""
"CISP","Country Investment Statistics Profile","288","Ghana","61840","Value US$, 2015 prices","23068","Credit to Agriculture, Forestry and Fishing","2011","2011","million USD","273.711224","A","Official figure",""
"CISP","Country Investment Statistics Profile","288","Ghana","61840","Value US$, 2015 prices","23068","Credit to Agriculture, Forestry and Fishing","2012","2012","million USD","279.211115","A","Official figure",""
"CISP","Country Investment Statistics Profile","288","Ghana","61840","Value US$, 2015 prices","23068","Credit to Agriculture, Forestry and Fishing","2013","2013","million USD","264.615056","A","Official figure",""
"CISP","Country Investment Statistics Profile","288","Ghana","61840","Value US$, 2015 prices","23068","Credit to Agriculture, Forestry and Fishing","2014","2014","million USD","292.436434","A","Official figure",""
"CISP","Country Investment Statistics Profile","288","Ghana","61840","Value US$, 2015 prices","23068","Credit to Agriculture, Forestry and Fishing","2015","2015","million USD","315.210502","A","Official figure",""
"CISP","Country Investment Statistics Profile","288","Ghana","61840","Value US$, 2015 prices","23068","Credit to Agriculture, Forestry and Fishing","2016","2016","million USD","304.009597","A","Official figure",""
"CISP","Country Investment Statistics Profile","288","Ghana","61840","Value US$, 2015 prices","23068","Credit to Agriculture, Forestry and Fishing","2017","2017","million USD","326.913294","A","Official figure",""
"CISP","Country Investment Statistics Profile","288","Ghana","61840","Value US$, 2015 prices","23068","Credit to Agriculture, Forestry and Fishing","2018","2018","million USD","333.235945","A","Official figure",""
"CISP","Country Investment Statistics Profile","288","Ghana","61840","Value US$, 2015 prices","23068","Credit to Agriculture, Forestry and Fishing","2019","2019","million USD","461.835342","A","Official figure",""
"CISP","Country Investment Statistics Profile","288","Ghana","61840","Value US$, 2015 prices","23068","Credit to Agriculture, Forestry and Fishing","2020","2020","million USD","284.93989","A","Official figure",""
"CISP","Country Investment Statistics Profile","288","Ghana","61840","Value US$, 2015 prices","23068","Credit to Agriculture, Forestry and Fishing","2021","2021","million USD","253.518637","A","Official figure",""
"CISP","Country Investment Statistics Profile","288","Ghana","61840","Value US$, 2015 prices","23068","Credit to Agriculture, Forestry and Fishing","2022","2022","million USD","323.380428","A","Official figure",""
"CISP","Country Investment Statistics Profile","288","Ghana","61840","Value US$, 2015 prices","23068","Credit to Agriculture, Forestry and Fishing","2023","2023","million USD","256.521073","A","Official figure",""
"CISP","Country Investment Statistics Profile","624","Guinea-Bissau","61840","Value US$, 2015 prices","23068","Credit to Agriculture, Forestry and Fishing","2011","2011","million USD","1.289677","A","Official figure",""
"CISP","Country Investment Statistics Profile","624","Guinea-Bissau","61840","Value US$, 2015 prices","23068","Credit to Agriculture, Forestry and Fishing","2012","2012","million USD","2.695188","A","Official figure",""
"CISP","Country Investment Statistics Profile","624","Guinea-Bissau","61840","Value US$, 2015 prices","23068","Credit to Agriculture, Forestry and Fishing","2013","2013","million USD","1.181263","A","Official figure",""
"CISP","Country Investment Statistics Profile","624","Guinea-Bissau","61840","Value US$, 2015 prices","23068","Credit to Agriculture, Forestry and Fishing","2014","2014","million USD","0.189471","A","Official figure",""
"CISP","Country Investment Statistics Profile","624","Guinea-Bissau","61840","Value US$, 2015 prices","23068","Credit to Agriculture, Forestry and Fishing","2015","2015","million USD","0.073319","A","Official figure",""
"CISP","Country Investment Statistics Profile","624","Guinea-Bissau","61840","Value US$, 2015 prices","23068","Credit to Agriculture, Forestry and Fishing","2017","2017","million USD","0.382515","A","Official figure",""
"CISP","Country Investment Statistics Profile","624","Guinea-Bissau","61840","Value US$, 2015 prices","23068","Credit to Agriculture, Forestry and Fishing","2018","2018","million USD","0.414543","A","Official figure",""
"CISP","Country Investment Statistics Profile","624","Guinea-Bissau","61840","Value US$, 2015 prices","23068","Credit to Agriculture, Forestry and Fishing","2020","2020","million USD","1.949582","A","Official figure",""
"CISP","Country Investment Statistics Profile","624","Guinea-Bissau","61840","Value US$, 2015 prices","23068","Credit to Agriculture, Forestry and Fishing","2021","2021","million USD","2.943645","A","Official figure",""
"CISP","Country Investment Statistics Profile","624","Guinea-Bissau","61840","Value US$, 2015 prices","23068","Credit to Agriculture, Forestry and Fishing","2022","2022","million USD","2.772761","A","Official figure",""
"CISP","Country Investment Statistics Profile","624","Guinea-Bissau","61840","Value US$, 2015 prices","23068","Credit to Agriculture, Forestry and Fishing","2023","2023","million USD","5.564106","A","Official figure",""
"CISP","Country Investment Statistics Profile","404","Kenya","61840","Value US$, 2015 prices","23068","Credit to Agriculture, Forestry and Fishing","2011","2011","million USD","749.133247","A","Official figure",""
"CISP","Country Investment Statistics Profile","404","Kenya","61840","Value US$, 2015 prices","23068","Credit to Agriculture, Forestry and Fishing","2012","2012","million USD","733.48126","A","Official figure",""
"CISP","Country Investment Statistics Profile","404","Kenya","61840","Value US$, 2015 prices","23068","Credit to Agriculture, Forestry and Fishing","2013","2013","million USD","702.060803","A","Official figure",""
"CISP","Country Investment Statistics Profile","404","Kenya","61840","Value US$, 2015 prices","23068","Credit to Agriculture, Forestry and Fishing","2014","2014","million USD","834.20507","A","Official figure",""
"CISP","Country Investment Statistics Profile","404","Kenya","61840","Value US$, 2015 prices","23068","Credit to Agriculture, Forestry and Fishing","2015","2015","million USD","921.58714","A","Official figure",""
"CISP","Country Investment Statistics Profile","404","Kenya","61840","Value US$, 2015 prices","23068","Credit to Agriculture, Forestry and Fishing","2016","2016","million USD","881.565843","A","Official figure",""
"CISP","Country Investment Statistics Profile","404","Kenya","61840","Value US$, 2015 prices","23068","Credit to Agriculture, Forestry and Fishing","2017","2017","million USD","757.668791","A","Official figure",""
"CISP","Country Investment Statistics Profile","404","Kenya","61840","Value US$, 2015 prices","23068","Credit to Agriculture, Forestry and Fishing","2018","2018","million USD","712.373572","A","Official figure",""
"CISP","Country Investment Statistics Profile","404","Kenya","61840","Value US$, 2015 prices","23068","Credit to Agriculture, Forestry and Fishing","2019","2019","million USD","666.927733","A","Official figure",""
"CISP","Country Investment Statistics Profile","404","Kenya","61840","Value US$, 2015 prices","23068","Credit to Agriculture, Forestry and Fishing","2020","2020","million USD","732.761999","A","Official figure",""
"CISP","Country Investment Statistics Profile","404","Kenya","61840","Value US$, 2015 prices","23068","Credit to Agriculture, Forestry and Fishing","2021","2021","million USD","706.105079","A","Official figure",""
"CISP","Country Investment Statistics Profile","404","Kenya","61840","Value US$, 2015 prices","23068","Credit to Agriculture, Forestry and Fishing","2022","2022","million USD","815.045775","A","Official figure",""
"CISP","Country Investment Statistics Profile","404","Kenya","61840","Value US$, 2015 prices","23068","Credit to Agriculture, Forestry and Fishing","2023","2023","million USD","943.502574","A","Official figure",""
"CISP","Country Investment Statistics Profile","426","Lesotho","61840","Value US$, 2015 prices","23068","Credit to Agriculture, Forestry and Fishing","2011","2011","million USD","0.521659","A","Official figure",""
"CISP","Country Investment Statistics Profile","426","Lesotho","61840","Value US$, 2015 prices","23068","Credit to Agriculture, Forestry and Fishing","2012","2012","million USD","1.227419","A","Official figure",""
"CISP","Country Investment Statistics Profile","426","Lesotho","61840","Value US$, 2015 prices","23068","Credit to Agriculture, Forestry and Fishing","2013","2013","million USD","1.605483","A","Official figure",""
"CISP","Country Investment Statistics Profile","426","Lesotho","61840","Value US$, 2015 prices","23068","Credit to Agriculture, Forestry and Fishing","2014","2014","million USD","1.502895","A","Official figure",""
"CISP","Country Investment Statistics Profile","426","Lesotho","61840","Value US$, 2015 prices","23068","Credit to Agriculture, Forestry and Fishing","2015","2015","million USD","1.418614","A","Official figure",""
"CISP","Country Investment Statistics Profile","426","Lesotho","61840","Value US$, 2015 prices","23068","Credit to Agriculture, Forestry and Fishing","2016","2016","million USD","1.988741","A","Official figure",""
"CISP","Country Investment Statistics Profile","426","Lesotho","61840","Value US$, 2015 prices","23068","Credit to Agriculture, Forestry and Fishing","2017","2017","million USD","1.309863","A","Official figure",""
"CISP","Country Investment Statistics Profile","426","Lesotho","61840","Value US$, 2015 prices","23068","Credit to Agriculture, Forestry and Fishing","2018","2018","million USD","2.090355","A","Official figure",""
"CISP","Country Investment Statistics Profile","426","Lesotho","61840","Value US$, 2015 prices","23068","Credit to Agriculture, Forestry and Fishing","2019","2019","million USD","1.944286","A","Official figure",""
"CISP","Country Investment Statistics Profile","426","Lesotho","61840","Value US$, 2015 prices","23068","Credit to Agriculture, Forestry and Fishing","2020","2020","million USD","2.972584","A","Official figure",""
"CISP","Country Investment Statistics Profile","426","Lesotho","61840","Value US$, 2015 prices","23068","Credit to Agriculture, Forestry and Fishing","2021","2021","million USD","5.535904","A","Official figure",""
"CISP","Country Investment Statistics Profile","430","Liberia","61840","Value US$, 2015 prices","23068","Credit to Agriculture, Forestry and Fishing","2011","2011","million USD","970.074822","A","Official figure",""
"CISP","Country Investment Statistics Profile","430","Liberia","61840","Value US$, 2015 prices","23068","Credit to Agriculture, Forestry and Fishing","2012","2012","million USD","1086.268698","A","Official figure",""
"CISP","Country Investment Statistics Profile","430","Liberia","61840","Value US$, 2015 prices","23068","Credit to Agriculture, Forestry and Fishing","2013","2013","million USD","1792.216239","A","Official figure",""
"CISP","Country Investment Statistics Profile","430","Liberia","61840","Value US$, 2015 prices","23068","Credit to Agriculture, Forestry and Fishing","2014","2014","million USD","2223.285496","A","Official figure",""
"CISP","Country Investment Statistics Profile","430","Liberia","61840","Value US$, 2015 prices","23068","Credit to Agriculture, Forestry and Fishing","2015","2015","million USD","2389.7371","A","Official figure",""
"CISP","Country Investment Statistics Profile","430","Liberia","61840","Value US$, 2015 prices","23068","Credit to Agriculture, Forestry and Fishing","2016","2016","million USD","1727.962657","A","Official figure",""
"CISP","Country Investment Statistics Profile","430","Liberia","61840","Value US$, 2015 prices","23068","Credit to Agriculture, Forestry and Fishing","2017","2017","million USD","2659.783135","A","Official figure",""
"CISP","Country Investment Statistics Profile","430","Liberia","61840","Value US$, 2015 prices","23068","Credit to Agriculture, Forestry and Fishing","2018","2018","million USD","4026.149984","A","Official figure",""
"CISP","Country Investment Statistics Profile","430","Liberia","61840","Value US$, 2015 prices","23068","Credit to Agriculture, Forestry and Fishing","2019","2019","million USD","3393.631274","A","Official figure",""
"CISP","Country Investment Statistics Profile","430","Liberia","61840","Value US$, 2015 prices","23068","Credit to Agriculture, Forestry and Fishing","2020","2020","million USD","2911.170298","A","Official figure",""
"CISP","Country Investment Statistics Profile","430","Liberia","61840","Value US$, 2015 prices","23068","Credit to Agriculture, Forestry and Fishing","2021","2021","million USD","2937.903287","A","Official figure",""
"CISP","Country Investment Statistics Profile","430","Liberia","61840","Value US$, 2015 prices","23068","Credit to Agriculture, Forestry and Fishing","2022","2022","million USD","2036.7299","A","Official figure",""
"CISP","Country Investment Statistics Profile","454","Malawi","61840","Value US$, 2015 prices","23068","Credit to Agriculture, Forestry and Fishing","2011","2011","million USD","151.287158","A","Official figure",""
"CISP","Country Investment Statistics Profile","454","Malawi","61840","Value US$, 2015 prices","23068","Credit to Agriculture, Forestry and Fishing","2012","2012","million USD","171.719103","A","Official figure",""
"CISP","Country Investment Statistics Profile","454","Malawi","61840","Value US$, 2015 prices","23068","Credit to Agriculture, Forestry and Fishing","2013","2013","million USD","166.159142","A","Official figure",""
"CISP","Country Investment Statistics Profile","454","Malawi","61840","Value US$, 2015 prices","23068","Credit to Agriculture, Forestry and Fishing","2014","2014","million USD","152.87062","A","Official figure",""
"CISP","Country Investment Statistics Profile","454","Malawi","61840","Value US$, 2015 prices","23068","Credit to Agriculture, Forestry and Fishing","2015","2015","million USD","192.958315","A","Official figure",""
"CISP","Country Investment Statistics Profile","454","Malawi","61840","Value US$, 2015 prices","23068","Credit to Agriculture, Forestry and Fishing","2016","2016","million USD","144.087331","A","Official figure",""
"CISP","Country Investment Statistics Profile","454","Malawi","61840","Value US$, 2015 prices","23068","Credit to Agriculture, Forestry and Fishing","2017","2017","million USD","155.898529","A","Official figure",""
"CISP","Country Investment Statistics Profile","454","Malawi","61840","Value US$, 2015 prices","23068","Credit to Agriculture, Forestry and Fishing","2018","2018","million USD","136.527093","A","Official figure",""
"CISP","Country Investment Statistics Profile","454","Malawi","61840","Value US$, 2015 prices","23068","Credit to Agriculture, Forestry and Fishing","2019","2019","million USD","162.799603","A","Official figure",""
"CISP","Country Investment Statistics Profile","454","Malawi","61840","Value US$, 2015 prices","23068","Credit to Agriculture, Forestry and Fishing","2020","2020","million USD","150.595328","A","Official figure",""
"CISP","Country Investment Statistics Profile","454","Malawi","61840","Value US$, 2015 prices","23068","Credit to Agriculture, Forestry and Fishing","2021","2021","million USD","139.055429","A","Official figure",""
"CISP","Country Investment Statistics Profile","454","Malawi","61840","Value US$, 2015 prices","23068","Credit to Agriculture, Forestry and Fishing","2022","2022","million USD","138.134145","A","Official figure",""
"CISP","Country Investment Statistics Profile","466","Mali","61840","Value US$, 2015 prices","23068","Credit to Agriculture, Forestry and Fishing","2011","2011","million USD","80.377571","A","Official figure",""
"CISP","Country Investment Statistics Profile","466","Mali","61840","Value US$, 2015 prices","23068","Credit to Agriculture, Forestry and Fishing","2012","2012","million USD","103.351593","A","Official figure",""
"CISP","Country Investment Statistics Profile","466","Mali","61840","Value US$, 2015 prices","23068","Credit to Agriculture, Forestry and Fishing","2013","2013","million USD","78.065024","A","Official figure",""
"CISP","Country Investment Statistics Profile","466","Mali","61840","Value US$, 2015 prices","23068","Credit to Agriculture, Forestry and Fishing","2014","2014","million USD","76.200699","A","Official figure",""
"CISP","Country Investment Statistics Profile","466","Mali","61840","Value US$, 2015 prices","23068","Credit to Agriculture, Forestry and Fishing","2015","2015","million USD","90.002803","A","Official figure",""
"CISP","Country Investment Statistics Profile","466","Mali","61840","Value US$, 2015 prices","23068","Credit to Agriculture, Forestry and Fishing","2016","2016","million USD","101.606434","A","Official figure",""
"CISP","Country Investment Statistics Profile","466","Mali","61840","Value US$, 2015 prices","23068","Credit to Agriculture, Forestry and Fishing","2017","2017","million USD","106.676809","A","Official figure",""
"CISP","Country Investment Statistics Profile","466","Mali","61840","Value US$, 2015 prices","23068","Credit to Agriculture, Forestry and Fishing","2018","2018","million USD","124.609793","A","Official figure",""
"CISP","Country Investment Statistics Profile","466","Mali","61840","Value US$, 2015 prices","23068","Credit to Agriculture, Forestry and Fishing","2019","2019","million USD","106.641476","A","Official figure",""
"CISP","Country Investment Statistics Profile","466","Mali","61840","Value US$, 2015 prices","23068","Credit to Agriculture, Forestry and Fishing","2020","2020","million USD","96.82631","A","Official figure",""
"CISP","Country Investment Statistics Profile","466","Mali","61840","Value US$, 2015 prices","23068","Credit to Agriculture, Forestry and Fishing","2021","2021","million USD","186.97542","A","Official figure",""
"CISP","Country Investment Statistics Profile","466","Mali","61840","Value US$, 2015 prices","23068","Credit to Agriculture, Forestry and Fishing","2022","2022","million USD","243.76753","A","Official figure",""
"CISP","Country Investment Statistics Profile","466","Mali","61840","Value US$, 2015 prices","23068","Credit to Agriculture, Forestry and Fishing","2023","2023","million USD","216.558425","A","Official figure",""
"CISP","Country Investment Statistics Profile","504","Morocco","61840","Value US$, 2015 prices","23068","Credit to Agriculture, Forestry and Fishing","2011","2011","million USD","3033.080665","A","Official figure",""
"CISP","Country Investment Statistics Profile","504","Morocco","61840","Value US$, 2015 prices","23068","Credit to Agriculture, Forestry and Fishing","2012","2012","million USD","2959.5271","A","Official figure",""
"CISP","Country Investment Statistics Profile","504","Morocco","61840","Value US$, 2015 prices","23068","Credit to Agriculture, Forestry and Fishing","2013","2013","million USD","3036.89682","A","Official figure",""
"CISP","Country Investment Statistics Profile","504","Morocco","61840","Value US$, 2015 prices","23068","Credit to Agriculture, Forestry and Fishing","2014","2014","million USD","3154.445494","A","Official figure",""
"CISP","Country Investment Statistics Profile","504","Morocco","61840","Value US$, 2015 prices","23068","Credit to Agriculture, Forestry and Fishing","2015","2015","million USD","3428.335036","A","Official figure",""
"CISP","Country Investment Statistics Profile","504","Morocco","61840","Value US$, 2015 prices","23068","Credit to Agriculture, Forestry and Fishing","2016","2016","million USD","3122.506277","A","Official figure",""
"CISP","Country Investment Statistics Profile","504","Morocco","61840","Value US$, 2015 prices","23068","Credit to Agriculture, Forestry and Fishing","2017","2017","million USD","3228.09708","A","Official figure",""
"CISP","Country Investment Statistics Profile","504","Morocco","61840","Value US$, 2015 prices","23068","Credit to Agriculture, Forestry and Fishing","2018","2018","million USD","3760.210339","A","Official figure",""
"CISP","Country Investment Statistics Profile","504","Morocco","61840","Value US$, 2015 prices","23068","Credit to Agriculture, Forestry and Fishing","2019","2019","million USD","4017.38668","A","Official figure",""
"CISP","Country Investment Statistics Profile","504","Morocco","61840","Value US$, 2015 prices","23068","Credit to Agriculture, Forestry and Fishing","2020","2020","million USD","3798.454708","A","Official figure",""
"CISP","Country Investment Statistics Profile","504","Morocco","61840","Value US$, 2015 prices","23068","Credit to Agriculture, Forestry and Fishing","2021","2021","million USD","3993.527715","A","Official figure",""
"CISP","Country Investment Statistics Profile","504","Morocco","61840","Value US$, 2015 prices","23068","Credit to Agriculture, Forestry and Fishing","2022","2022","million USD","4285.923736","A","Official figure",""
"CISP","Country Investment Statistics Profile","504","Morocco","61840","Value US$, 2015 prices","23068","Credit to Agriculture, Forestry and Fishing","2023","2023","million USD","4094.150288","A","Official figure",""
"CISP","Country Investment Statistics Profile","508","Mozambique","61840","Value US$, 2015 prices","23068","Credit to Agriculture, Forestry and Fishing","2011","2011","million USD","143.4917","A","Official figure",""
"CISP","Country Investment Statistics Profile","508","Mozambique","61840","Value US$, 2015 prices","23068","Credit to Agriculture, Forestry and Fishing","2012","2012","million USD","150.57248","A","Official figure",""
"CISP","Country Investment Statistics Profile","508","Mozambique","61840","Value US$, 2015 prices","23068","Credit to Agriculture, Forestry and Fishing","2013","2013","million USD","137.33665","A","Official figure",""
"CISP","Country Investment Statistics Profile","508","Mozambique","61840","Value US$, 2015 prices","23068","Credit to Agriculture, Forestry and Fishing","2014","2014","million USD","105.298386","A","Official figure",""
"CISP","Country Investment Statistics Profile","508","Mozambique","61840","Value US$, 2015 prices","23068","Credit to Agriculture, Forestry and Fishing","2015","2015","million USD","206.328447","A","Official figure",""
"CISP","Country Investment Statistics Profile","508","Mozambique","61840","Value US$, 2015 prices","23068","Credit to Agriculture, Forestry and Fishing","2016","2016","million USD","235.662269","A","Official figure",""
"CISP","Country Investment Statistics Profile","508","Mozambique","61840","Value US$, 2015 prices","23068","Credit to Agriculture, Forestry and Fishing","2017","2017","million USD","170.032261","A","Official figure",""
"CISP","Country Investment Statistics Profile","508","Mozambique","61840","Value US$, 2015 prices","23068","Credit to Agriculture, Forestry and Fishing","2018","2018","million USD","151.411014","A","Official figure",""
"CISP","Country Investment Statistics Profile","508","Mozambique","61840","Value US$, 2015 prices","23068","Credit to Agriculture, Forestry and Fishing","2019","2019","million USD","154.175656","A","Official figure",""
"CISP","Country Investment Statistics Profile","508","Mozambique","61840","Value US$, 2015 prices","23068","Credit to Agriculture, Forestry and Fishing","2020","2020","million USD","153.975143","A","Official figure",""
"CISP","Country Investment Statistics Profile","508","Mozambique","61840","Value US$, 2015 prices","23068","Credit to Agriculture, Forestry and Fishing","2021","2021","million USD","118.71013","A","Official figure",""
"CISP","Country Investment Statistics Profile","508","Mozambique","61840","Value US$, 2015 prices","23068","Credit to Agriculture, Forestry and Fishing","2022","2022","million USD","106.999393","A","Official figure",""
"CISP","Country Investment Statistics Profile","508","Mozambique","61840","Value US$, 2015 prices","23068","Credit to Agriculture, Forestry and Fishing","2023","2023","million USD","80.020459","A","Official figure",""
"CISP","Country Investment Statistics Profile","516","Namibia","61840","Value US$, 2015 prices","23068","Credit to Agriculture, Forestry and Fishing","2011","2011","million USD","211.992757","A","Official figure",""
"CISP","Country Investment Statistics Profile","516","Namibia","61840","Value US$, 2015 prices","23068","Credit to Agriculture, Forestry and Fishing","2012","2012","million USD","271.255376","A","Official figure",""
"CISP","Country Investment Statistics Profile","516","Namibia","61840","Value US$, 2015 prices","23068","Credit to Agriculture, Forestry and Fishing","2013","2013","million USD","264.193975","A","Official figure",""
"CISP","Country Investment Statistics Profile","516","Namibia","61840","Value US$, 2015 prices","23068","Credit to Agriculture, Forestry and Fishing","2014","2014","million USD","279.486516","A","Official figure",""
"CISP","Country Investment Statistics Profile","516","Namibia","61840","Value US$, 2015 prices","23068","Credit to Agriculture, Forestry and Fishing","2015","2015","million USD","279.574222","A","Official figure",""
"CISP","Country Investment Statistics Profile","516","Namibia","61840","Value US$, 2015 prices","23068","Credit to Agriculture, Forestry and Fishing","2016","2016","million USD","265.856365","A","Official figure",""
"CISP","Country Investment Statistics Profile","516","Namibia","61840","Value US$, 2015 prices","23068","Credit to Agriculture, Forestry and Fishing","2017","2017","million USD","188.308465","A","Official figure",""
"CISP","Country Investment Statistics Profile","516","Namibia","61840","Value US$, 2015 prices","23068","Credit to Agriculture, Forestry and Fishing","2018","2018","million USD","382.774249","A","Official figure",""
"CISP","Country Investment Statistics Profile","516","Namibia","61840","Value US$, 2015 prices","23068","Credit to Agriculture, Forestry and Fishing","2019","2019","million USD","352.697087","A","Official figure",""
"CISP","Country Investment Statistics Profile","516","Namibia","61840","Value US$, 2015 prices","23068","Credit to Agriculture, Forestry and Fishing","2020","2020","million USD","343.799624","A","Official figure",""
"CISP","Country Investment Statistics Profile","516","Namibia","61840","Value US$, 2015 prices","23068","Credit to Agriculture, Forestry and Fishing","2021","2021","million USD","447.229274","A","Official figure",""
"CISP","Country Investment Statistics Profile","562","Niger","61840","Value US$, 2015 prices","23068","Credit to Agriculture, Forestry and Fishing","2011","2011","million USD","4.838745","A","Official figure",""
"CISP","Country Investment Statistics Profile","562","Niger","61840","Value US$, 2015 prices","23068","Credit to Agriculture, Forestry and Fishing","2012","2012","million USD","5.89327","A","Official figure",""
"CISP","Country Investment Statistics Profile","562","Niger","61840","Value US$, 2015 prices","23068","Credit to Agriculture, Forestry and Fishing","2013","2013","million USD","7.113005","A","Official figure",""
"CISP","Country Investment Statistics Profile","562","Niger","61840","Value US$, 2015 prices","23068","Credit to Agriculture, Forestry and Fishing","2014","2014","million USD","9.497526","A","Official figure",""
"CISP","Country Investment Statistics Profile","562","Niger","61840","Value US$, 2015 prices","23068","Credit to Agriculture, Forestry and Fishing","2015","2015","million USD","4.614142","A","Official figure",""
"CISP","Country Investment Statistics Profile","562","Niger","61840","Value US$, 2015 prices","23068","Credit to Agriculture, Forestry and Fishing","2016","2016","million USD","5.054243","A","Official figure",""
"CISP","Country Investment Statistics Profile","562","Niger","61840","Value US$, 2015 prices","23068","Credit to Agriculture, Forestry and Fishing","2017","2017","million USD","13.571384","A","Official figure",""
"CISP","Country Investment Statistics Profile","562","Niger","61840","Value US$, 2015 prices","23068","Credit to Agriculture, Forestry and Fishing","2018","2018","million USD","10.0785","A","Official figure",""
"CISP","Country Investment Statistics Profile","562","Niger","61840","Value US$, 2015 prices","23068","Credit to Agriculture, Forestry and Fishing","2019","2019","million USD","10.406773","A","Official figure",""
"CISP","Country Investment Statistics Profile","562","Niger","61840","Value US$, 2015 prices","23068","Credit to Agriculture, Forestry and Fishing","2020","2020","million USD","13.703172","A","Official figure",""
"CISP","Country Investment Statistics Profile","562","Niger","61840","Value US$, 2015 prices","23068","Credit to Agriculture, Forestry and Fishing","2021","2021","million USD","13.408016","A","Official figure",""
"CISP","Country Investment Statistics Profile","562","Niger","61840","Value US$, 2015 prices","23068","Credit to Agriculture, Forestry and Fishing","2022","2022","million USD","17.976516","A","Official figure",""
"CISP","Country Investment Statistics Profile","562","Niger","61840","Value US$, 2015 prices","23068","Credit to Agriculture, Forestry and Fishing","2023","2023","million USD","28.369442","A","Official figure",""
"CISP","Country Investment Statistics Profile","566","Nigeria","61840","Value US$, 2015 prices","23068","Credit to Agriculture, Forestry and Fishing","2011","2011","million USD","1647.692277","A","Official figure",""
"CISP","Country Investment Statistics Profile","566","Nigeria","61840","Value US$, 2015 prices","23068","Credit to Agriculture, Forestry and Fishing","2012","2012","million USD","1857.751147","A","Official figure",""
"CISP","Country Investment Statistics Profile","566","Nigeria","61840","Value US$, 2015 prices","23068","Credit to Agriculture, Forestry and Fishing","2013","2013","million USD","1922.793259","A","Official figure",""
"CISP","Country Investment Statistics Profile","566","Nigeria","61840","Value US$, 2015 prices","23068","Credit to Agriculture, Forestry and Fishing","2014","2014","million USD","2559.825139","A","Official figure",""
"CISP","Country Investment Statistics Profile","566","Nigeria","61840","Value US$, 2015 prices","23068","Credit to Agriculture, Forestry and Fishing","2015","2015","million USD","2334.785209","A","Official figure",""
"CISP","Country Investment Statistics Profile","566","Nigeria","61840","Value US$, 2015 prices","23068","Credit to Agriculture, Forestry and Fishing","2016","2016","million USD","2494.920254","A","Official figure",""
"CISP","Country Investment Statistics Profile","566","Nigeria","61840","Value US$, 2015 prices","23068","Credit to Agriculture, Forestry and Fishing","2017","2017","million USD","2255.088519","A","Official figure",""
"CISP","Country Investment Statistics Profile","566","Nigeria","61840","Value US$, 2015 prices","23068","Credit to Agriculture, Forestry and Fishing","2018","2018","million USD","2363.038033","A","Official figure",""
"CISP","Country Investment Statistics Profile","566","Nigeria","61840","Value US$, 2015 prices","23068","Credit to Agriculture, Forestry and Fishing","2019","2019","million USD","2709.904738","A","Official figure",""
"CISP","Country Investment Statistics Profile","566","Nigeria","61840","Value US$, 2015 prices","23068","Credit to Agriculture, Forestry and Fishing","2020","2020","million USD","3414.800544","A","Official figure",""
"CISP","Country Investment Statistics Profile","566","Nigeria","61840","Value US$, 2015 prices","23068","Credit to Agriculture, Forestry and Fishing","2021","2021","million USD","4306.278581","A","Official figure",""
"CISP","Country Investment Statistics Profile","566","Nigeria","61840","Value US$, 2015 prices","23068","Credit to Agriculture, Forestry and Fishing","2022","2022","million USD","4719.638839","A","Official figure",""
"CISP","Country Investment Statistics Profile","566","Nigeria","61840","Value US$, 2015 prices","23068","Credit to Agriculture, Forestry and Fishing","2023","2023","million USD","5314.371311","A","Official figure",""
"CISP","Country Investment Statistics Profile","646","Rwanda","61840","Value US$, 2015 prices","23068","Credit to Agriculture, Forestry and Fishing","2011","2011","million USD","22.96144","A","Official figure",""
"CISP","Country Investment Statistics Profile","646","Rwanda","61840","Value US$, 2015 prices","23068","Credit to Agriculture, Forestry and Fishing","2012","2012","million USD","35.830686","A","Official figure",""
"CISP","Country Investment Statistics Profile","646","Rwanda","61840","Value US$, 2015 prices","23068","Credit to Agriculture, Forestry and Fishing","2013","2013","million USD","32.830943","A","Official figure",""
"CISP","Country Investment Statistics Profile","646","Rwanda","61840","Value US$, 2015 prices","23068","Credit to Agriculture, Forestry and Fishing","2014","2014","million USD","37.834576","A","Official figure",""
"CISP","Country Investment Statistics Profile","646","Rwanda","61840","Value US$, 2015 prices","23068","Credit to Agriculture, Forestry and Fishing","2016","2016","million USD","40.01791","A","Official figure",""
"CISP","Country Investment Statistics Profile","646","Rwanda","61840","Value US$, 2015 prices","23068","Credit to Agriculture, Forestry and Fishing","2018","2018","million USD","30.227131","A","Official figure",""
"CISP","Country Investment Statistics Profile","646","Rwanda","61840","Value US$, 2015 prices","23068","Credit to Agriculture, Forestry and Fishing","2019","2019","million USD","33.751464","A","Official figure",""
"CISP","Country Investment Statistics Profile","646","Rwanda","61840","Value US$, 2015 prices","23068","Credit to Agriculture, Forestry and Fishing","2020","2020","million USD","28.756542","A","Official figure",""
"CISP","Country Investment Statistics Profile","646","Rwanda","61840","Value US$, 2015 prices","23068","Credit to Agriculture, Forestry and Fishing","2021","2021","million USD","32.954536","A","Official figure",""
"CISP","Country Investment Statistics Profile","646","Rwanda","61840","Value US$, 2015 prices","23068","Credit to Agriculture, Forestry and Fishing","2022","2022","million USD","22.685851","A","Official figure",""
"CISP","Country Investment Statistics Profile","686","Senegal","61840","Value US$, 2015 prices","23068","Credit to Agriculture, Forestry and Fishing","2011","2011","million USD","68.55513","A","Official figure",""
"CISP","Country Investment Statistics Profile","686","Senegal","61840","Value US$, 2015 prices","23068","Credit to Agriculture, Forestry and Fishing","2012","2012","million USD","57.049681","A","Official figure",""
"CISP","Country Investment Statistics Profile","686","Senegal","61840","Value US$, 2015 prices","23068","Credit to Agriculture, Forestry and Fishing","2013","2013","million USD","57.503069","A","Official figure",""
"CISP","Country Investment Statistics Profile","686","Senegal","61840","Value US$, 2015 prices","23068","Credit to Agriculture, Forestry and Fishing","2014","2014","million USD","87.092046","A","Official figure",""
"CISP","Country Investment Statistics Profile","686","Senegal","61840","Value US$, 2015 prices","23068","Credit to Agriculture, Forestry and Fishing","2015","2015","million USD","93.468649","A","Official figure",""
"CISP","Country Investment Statistics Profile","686","Senegal","61840","Value US$, 2015 prices","23068","Credit to Agriculture, Forestry and Fishing","2016","2016","million USD","81.476413","A","Official figure",""
"CISP","Country Investment Statistics Profile","686","Senegal","61840","Value US$, 2015 prices","23068","Credit to Agriculture, Forestry and Fishing","2017","2017","million USD","109.832345","A","Official figure",""
"CISP","Country Investment Statistics Profile","686","Senegal","61840","Value US$, 2015 prices","23068","Credit to Agriculture, Forestry and Fishing","2018","2018","million USD","108.484218","A","Official figure",""
"CISP","Country Investment Statistics Profile","686","Senegal","61840","Value US$, 2015 prices","23068","Credit to Agriculture, Forestry and Fishing","2019","2019","million USD","126.215394","A","Official figure",""
"CISP","Country Investment Statistics Profile","686","Senegal","61840","Value US$, 2015 prices","23068","Credit to Agriculture, Forestry and Fishing","2020","2020","million USD","127.352145","A","Official figure",""
"CISP","Country Investment Statistics Profile","686","Senegal","61840","Value US$, 2015 prices","23068","Credit to Agriculture, Forestry and Fishing","2021","2021","million USD","152.389883","A","Official figure",""
"CISP","Country Investment Statistics Profile","686","Senegal","61840","Value US$, 2015 prices","23068","Credit to Agriculture, Forestry and Fishing","2022","2022","million USD","216.668864","A","Official figure",""
"CISP","Country Investment Statistics Profile","686","Senegal","61840","Value US$, 2015 prices","23068","Credit to Agriculture, Forestry and Fishing","2023","2023","million USD","220.093659","A","Official figure",""
"CISP","Country Investment Statistics Profile","690","Seychelles","61840","Value US$, 2015 prices","23068","Credit to Agriculture, Forestry and Fishing","2011","2011","million USD","6.05544","A","Official figure",""
"CISP","Country Investment Statistics Profile","690","Seychelles","61840","Value US$, 2015 prices","23068","Credit to Agriculture, Forestry and Fishing","2012","2012","million USD","6.183198","A","Official figure",""
"CISP","Country Investment Statistics Profile","690","Seychelles","61840","Value US$, 2015 prices","23068","Credit to Agriculture, Forestry and Fishing","2013","2013","million USD","4.961562","A","Official figure",""
"CISP","Country Investment Statistics Profile","690","Seychelles","61840","Value US$, 2015 prices","23068","Credit to Agriculture, Forestry and Fishing","2014","2014","million USD","7.988185","A","Official figure",""
"CISP","Country Investment Statistics Profile","690","Seychelles","61840","Value US$, 2015 prices","23068","Credit to Agriculture, Forestry and Fishing","2015","2015","million USD","11.379064","A","Official figure",""
"CISP","Country Investment Statistics Profile","690","Seychelles","61840","Value US$, 2015 prices","23068","Credit to Agriculture, Forestry and Fishing","2016","2016","million USD","13.376667","A","Official figure",""
"CISP","Country Investment Statistics Profile","690","Seychelles","61840","Value US$, 2015 prices","23068","Credit to Agriculture, Forestry and Fishing","2017","2017","million USD","15.490375","A","Official figure",""
"CISP","Country Investment Statistics Profile","690","Seychelles","61840","Value US$, 2015 prices","23068","Credit to Agriculture, Forestry and Fishing","2018","2018","million USD","17.93617","A","Official figure",""
"CISP","Country Investment Statistics Profile","690","Seychelles","61840","Value US$, 2015 prices","23068","Credit to Agriculture, Forestry and Fishing","2019","2019","million USD","19.666293","A","Official figure",""
"CISP","Country Investment Statistics Profile","690","Seychelles","61840","Value US$, 2015 prices","23068","Credit to Agriculture, Forestry and Fishing","2020","2020","million USD","16.909857","A","Official figure",""
"CISP","Country Investment Statistics Profile","690","Seychelles","61840","Value US$, 2015 prices","23068","Credit to Agriculture, Forestry and Fishing","2021","2021","million USD","20.227599","A","Official figure",""
"CISP","Country Investment Statistics Profile","690","Seychelles","61840","Value US$, 2015 prices","23068","Credit to Agriculture, Forestry and Fishing","2022","2022","million USD","18.774311","A","Official figure",""
"CISP","Country Investment Statistics Profile","690","Seychelles","61840","Value US$, 2015 prices","23068","Credit to Agriculture, Forestry and Fishing","2023","2023","million USD","21.104557","A","Official figure",""
"CISP","Country Investment Statistics Profile","729","Sudan","61840","Value US$, 2015 prices","23068","Credit to Agriculture, Forestry and Fishing","2012","2012","million USD","1165.194388","A","Official figure",""
"CISP","Country Investment Statistics Profile","729","Sudan","61840","Value US$, 2015 prices","23068","Credit to Agriculture, Forestry and Fishing","2013","2013","million USD","1296.319838","A","Official figure",""
"CISP","Country Investment Statistics Profile","729","Sudan","61840","Value US$, 2015 prices","23068","Credit to Agriculture, Forestry and Fishing","2014","2014","million USD","1206.547397","A","Official figure",""
"CISP","Country Investment Statistics Profile","729","Sudan","61840","Value US$, 2015 prices","23068","Credit to Agriculture, Forestry and Fishing","2015","2015","million USD","1394.21454","A","Official figure",""
"CISP","Country Investment Statistics Profile","729","Sudan","61840","Value US$, 2015 prices","23068","Credit to Agriculture, Forestry and Fishing","2016","2016","million USD","1698.778581","A","Official figure",""
"CISP","Country Investment Statistics Profile","729","Sudan","61840","Value US$, 2015 prices","23068","Credit to Agriculture, Forestry and Fishing","2017","2017","million USD","2343.524244","A","Official figure",""
"CISP","Country Investment Statistics Profile","729","Sudan","61840","Value US$, 2015 prices","23068","Credit to Agriculture, Forestry and Fishing","2018","2018","million USD","2912.683977","A","Official figure",""
"CISP","Country Investment Statistics Profile","729","Sudan","61840","Value US$, 2015 prices","23068","Credit to Agriculture, Forestry and Fishing","2019","2019","million USD","4693.267383","A","Official figure",""
"CISP","Country Investment Statistics Profile","729","Sudan","61840","Value US$, 2015 prices","23068","Credit to Agriculture, Forestry and Fishing","2020","2020","million USD","3080.612356","A","Official figure",""
"CISP","Country Investment Statistics Profile","729","Sudan","61840","Value US$, 2015 prices","23068","Credit to Agriculture, Forestry and Fishing","2021","2021","million USD","506.176181","A","Official figure",""
"CISP","Country Investment Statistics Profile","729","Sudan","61840","Value US$, 2015 prices","23068","Credit to Agriculture, Forestry and Fishing","2022","2022","million USD","373.834181","A","Official figure",""
"CISP","Country Investment Statistics Profile","768","Togo","61840","Value US$, 2015 prices","23068","Credit to Agriculture, Forestry and Fishing","2011","2011","million USD","2.893017","A","Official figure",""
"CISP","Country Investment Statistics Profile","768","Togo","61840","Value US$, 2015 prices","23068","Credit to Agriculture, Forestry and Fishing","2012","2012","million USD","3.605684","A","Official figure",""
"CISP","Country Investment Statistics Profile","768","Togo","61840","Value US$, 2015 prices","23068","Credit to Agriculture, Forestry and Fishing","2013","2013","million USD","3.145053","A","Official figure",""
"CISP","Country Investment Statistics Profile","768","Togo","61840","Value US$, 2015 prices","23068","Credit to Agriculture, Forestry and Fishing","2014","2014","million USD","3.292407","A","Official figure",""
"CISP","Country Investment Statistics Profile","768","Togo","61840","Value US$, 2015 prices","23068","Credit to Agriculture, Forestry and Fishing","2015","2015","million USD","3.233279","A","Official figure",""
"CISP","Country Investment Statistics Profile","768","Togo","61840","Value US$, 2015 prices","23068","Credit to Agriculture, Forestry and Fishing","2016","2016","million USD","4.289631","A","Official figure",""
"CISP","Country Investment Statistics Profile","768","Togo","61840","Value US$, 2015 prices","23068","Credit to Agriculture, Forestry and Fishing","2017","2017","million USD","3.258728","A","Official figure",""
"CISP","Country Investment Statistics Profile","768","Togo","61840","Value US$, 2015 prices","23068","Credit to Agriculture, Forestry and Fishing","2018","2018","million USD","2.120251","A","Official figure",""
"CISP","Country Investment Statistics Profile","768","Togo","61840","Value US$, 2015 prices","23068","Credit to Agriculture, Forestry and Fishing","2019","2019","million USD","1.412191","A","Official figure",""
"CISP","Country Investment Statistics Profile","768","Togo","61840","Value US$, 2015 prices","23068","Credit to Agriculture, Forestry and Fishing","2020","2020","million USD","1.270926","A","Official figure",""
"CISP","Country Investment Statistics Profile","768","Togo","61840","Value US$, 2015 prices","23068","Credit to Agriculture, Forestry and Fishing","2021","2021","million USD","0.891305","A","Official figure",""
"CISP","Country Investment Statistics Profile","768","Togo","61840","Value US$, 2015 prices","23068","Credit to Agriculture, Forestry and Fishing","2022","2022","million USD","1.893219","A","Official figure",""
"CISP","Country Investment Statistics Profile","768","Togo","61840","Value US$, 2015 prices","23068","Credit to Agriculture, Forestry and Fishing","2023","2023","million USD","19.914744","A","Official figure",""
"CISP","Country Investment Statistics Profile","788","Tunisia","61840","Value US$, 2015 prices","23068","Credit to Agriculture, Forestry and Fishing","2011","2011","million USD","974.605976","A","Official figure",""
"CISP","Country Investment Statistics Profile","788","Tunisia","61840","Value US$, 2015 prices","23068","Credit to Agriculture, Forestry and Fishing","2012","2012","million USD","969.880202","A","Official figure",""
"CISP","Country Investment Statistics Profile","788","Tunisia","61840","Value US$, 2015 prices","23068","Credit to Agriculture, Forestry and Fishing","2013","2013","million USD","1025.278333","A","Official figure",""
"CISP","Country Investment Statistics Profile","788","Tunisia","61840","Value US$, 2015 prices","23068","Credit to Agriculture, Forestry and Fishing","2014","2014","million USD","1059.627819","A","Official figure",""
"CISP","Country Investment Statistics Profile","788","Tunisia","61840","Value US$, 2015 prices","23068","Credit to Agriculture, Forestry and Fishing","2015","2015","million USD","1070.558848","A","Official figure",""
"CISP","Country Investment Statistics Profile","788","Tunisia","61840","Value US$, 2015 prices","23068","Credit to Agriculture, Forestry and Fishing","2016","2016","million USD","1177.115912","A","Official figure",""
"CISP","Country Investment Statistics Profile","788","Tunisia","61840","Value US$, 2015 prices","23068","Credit to Agriculture, Forestry and Fishing","2017","2017","million USD","1275.686146","A","Official figure",""
"CISP","Country Investment Statistics Profile","788","Tunisia","61840","Value US$, 2015 prices","23068","Credit to Agriculture, Forestry and Fishing","2018","2018","million USD","1220.591703","A","Official figure",""
"CISP","Country Investment Statistics Profile","788","Tunisia","61840","Value US$, 2015 prices","23068","Credit to Agriculture, Forestry and Fishing","2019","2019","million USD","1205.240871","A","Official figure",""
"CISP","Country Investment Statistics Profile","788","Tunisia","61840","Value US$, 2015 prices","23068","Credit to Agriculture, Forestry and Fishing","2020","2020","million USD","1207.707648","A","Official figure",""
"CISP","Country Investment Statistics Profile","788","Tunisia","61840","Value US$, 2015 prices","23068","Credit to Agriculture, Forestry and Fishing","2021","2021","million USD","1210.128282","A","Official figure",""
"CISP","Country Investment Statistics Profile","788","Tunisia","61840","Value US$, 2015 prices","23068","Credit to Agriculture, Forestry and Fishing","2022","2022","million USD","1267.915277","A","Official figure",""
"CISP","Country Investment Statistics Profile","788","Tunisia","61840","Value US$, 2015 prices","23068","Credit to Agriculture, Forestry and Fishing","2023","2023","million USD","1289.587409","A","Official figure",""
"CISP","Country Investment Statistics Profile","800","Uganda","61840","Value US$, 2015 prices","23068","Credit to Agriculture, Forestry and Fishing","2011","2011","million USD","179.355859","A","Official figure",""
"CISP","Country Investment Statistics Profile","800","Uganda","61840","Value US$, 2015 prices","23068","Credit to Agriculture, Forestry and Fishing","2012","2012","million USD","202.458415","A","Official figure",""
"CISP","Country Investment Statistics Profile","800","Uganda","61840","Value US$, 2015 prices","23068","Credit to Agriculture, Forestry and Fishing","2013","2013","million USD","303.488778","A","Official figure",""
"CISP","Country Investment Statistics Profile","800","Uganda","61840","Value US$, 2015 prices","23068","Credit to Agriculture, Forestry and Fishing","2014","2014","million USD","265.320425","A","Official figure",""
"CISP","Country Investment Statistics Profile","800","Uganda","61840","Value US$, 2015 prices","23068","Credit to Agriculture, Forestry and Fishing","2015","2015","million USD","351.754466","A","Official figure",""
"CISP","Country Investment Statistics Profile","800","Uganda","61840","Value US$, 2015 prices","23068","Credit to Agriculture, Forestry and Fishing","2016","2016","million USD","353.648463","A","Official figure",""
"CISP","Country Investment Statistics Profile","800","Uganda","61840","Value US$, 2015 prices","23068","Credit to Agriculture, Forestry and Fishing","2017","2017","million USD","444.024804","A","Official figure",""
"CISP","Country Investment Statistics Profile","800","Uganda","61840","Value US$, 2015 prices","23068","Credit to Agriculture, Forestry and Fishing","2018","2018","million USD","482.564946","A","Official figure",""
"CISP","Country Investment Statistics Profile","800","Uganda","61840","Value US$, 2015 prices","23068","Credit to Agriculture, Forestry and Fishing","2019","2019","million USD","556.659404","A","Official figure",""
"CISP","Country Investment Statistics Profile","800","Uganda","61840","Value US$, 2015 prices","23068","Credit to Agriculture, Forestry and Fishing","2020","2020","million USD","566.926927","A","Official figure",""
"CISP","Country Investment Statistics Profile","800","Uganda","61840","Value US$, 2015 prices","23068","Credit to Agriculture, Forestry and Fishing","2021","2021","million USD","567.963182","A","Official figure",""
"CISP","Country Investment Statistics Profile","800","Uganda","61840","Value US$, 2015 prices","23068","Credit to Agriculture, Forestry and Fishing","2022","2022","million USD","506.271795","A","Official figure",""
"CISP","Country Investment Statistics Profile","800","Uganda","61840","Value US$, 2015 prices","23068","Credit to Agriculture, Forestry and Fishing","2023","2023","million USD","530.718241","A","Official figure",""
"CISP","Country Investment Statistics Profile","834","United Republic of Tanzania","61840","Value US$, 2015 prices","23068","Credit to Agriculture, Forestry and Fishing","2011","2011","million USD","699.584698","A","Official figure",""
"CISP","Country Investment Statistics Profile","834","United Republic of Tanzania","61840","Value US$, 2015 prices","23068","Credit to Agriculture, Forestry and Fishing","2012","2012","million USD","617.551102","A","Official figure",""
"CISP","Country Investment Statistics Profile","834","United Republic of Tanzania","61840","Value US$, 2015 prices","23068","Credit to Agriculture, Forestry and Fishing","2013","2013","million USD","581.206517","A","Official figure",""
"CISP","Country Investment Statistics Profile","834","United Republic of Tanzania","61840","Value US$, 2015 prices","23068","Credit to Agriculture, Forestry and Fishing","2014","2014","million USD","600.6523","A","Official figure",""
"CISP","Country Investment Statistics Profile","834","United Republic of Tanzania","61840","Value US$, 2015 prices","23068","Credit to Agriculture, Forestry and Fishing","2015","2015","million USD","624.184714","A","Official figure",""
"CISP","Country Investment Statistics Profile","834","United Republic of Tanzania","61840","Value US$, 2015 prices","23068","Credit to Agriculture, Forestry and Fishing","2016","2016","million USD","549.975807","A","Official figure",""
"CISP","Country Investment Statistics Profile","834","United Republic of Tanzania","61840","Value US$, 2015 prices","23068","Credit to Agriculture, Forestry and Fishing","2017","2017","million USD","554.153801","A","Official figure",""
"CISP","Country Investment Statistics Profile","834","United Republic of Tanzania","61840","Value US$, 2015 prices","23068","Credit to Agriculture, Forestry and Fishing","2018","2018","million USD","485.390729","A","Official figure",""
"CISP","Country Investment Statistics Profile","834","United Republic of Tanzania","61840","Value US$, 2015 prices","23068","Credit to Agriculture, Forestry and Fishing","2019","2019","million USD","862.784559","A","Official figure",""
"CISP","Country Investment Statistics Profile","834","United Republic of Tanzania","61840","Value US$, 2015 prices","23068","Credit to Agriculture, Forestry and Fishing","2020","2020","million USD","785.362551","A","Official figure",""
"CISP","Country Investment Statistics Profile","834","United Republic of Tanzania","61840","Value US$, 2015 prices","23068","Credit to Agriculture, Forestry and Fishing","2021","2021","million USD","706.461256","A","Official figure",""
"CISP","Country Investment Statistics Profile","834","United Republic of Tanzania","61840","Value US$, 2015 prices","23068","Credit to Agriculture, Forestry and Fishing","2022","2022","million USD","990.719617","A","Official figure",""
"CISP","Country Investment Statistics Profile","834","United Republic of Tanzania","61840","Value US$, 2015 prices","23068","Credit to Agriculture, Forestry and Fishing","2023","2023","million USD","1334.382105","A","Official figure",""
"CISP","Country Investment Statistics Profile","894","Zambia","61840","Value US$, 2015 prices","23068","Credit to Agriculture, Forestry and Fishing","2011","2011","million USD","30.569949","A","Official figure",""
"CISP","Country Investment Statistics Profile","894","Zambia","61840","Value US$, 2015 prices","23068","Credit to Agriculture, Forestry and Fishing","2012","2012","million USD","54.220819","A","Official figure",""
"CISP","Country Investment Statistics Profile","894","Zambia","61840","Value US$, 2015 prices","23068","Credit to Agriculture, Forestry and Fishing","2013","2013","million USD","50.640011","A","Official figure",""
"CISP","Country Investment Statistics Profile","894","Zambia","61840","Value US$, 2015 prices","23068","Credit to Agriculture, Forestry and Fishing","2014","2014","million USD","44.392982","A","Official figure",""
"CISP","Country Investment Statistics Profile","894","Zambia","61840","Value US$, 2015 prices","23068","Credit to Agriculture, Forestry and Fishing","2015","2015","million USD","52.534905","A","Official figure",""
"CISP","Country Investment Statistics Profile","894","Zambia","61840","Value US$, 2015 prices","23068","Credit to Agriculture, Forestry and Fishing","2016","2016","million USD","33.459837","A","Official figure",""
"CISP","Country Investment Statistics Profile","894","Zambia","61840","Value US$, 2015 prices","23068","Credit to Agriculture, Forestry and Fishing","2017","2017","million USD","33.683651","A","Official figure",""
"CISP","Country Investment Statistics Profile","894","Zambia","61840","Value US$, 2015 prices","23068","Credit to Agriculture, Forestry and Fishing","2018","2018","million USD","58.79663","A","Official figure",""
"CISP","Country Investment Statistics Profile","894","Zambia","61840","Value US$, 2015 prices","23068","Credit to Agriculture, Forestry and Fishing","2019","2019","million USD","118.222186","A","Official figure",""
"CISP","Country Investment Statistics Profile","894","Zambia","61840","Value US$, 2015 prices","23068","Credit to Agriculture, Forestry and Fishing","2020","2020","million USD","41.831592","A","Official figure",""
"CISP","Country Investment Statistics Profile","894","Zambia","61840","Value US$, 2015 prices","23068","Credit to Agriculture, Forestry and Fishing","2021","2021","million USD","52.246975","A","Official figure",""
"CISP","Country Investment Statistics Profile","894","Zambia","61840","Value US$, 2015 prices","23068","Credit to Agriculture, Forestry and Fishing","2022","2022","million USD","53.006954","A","Official figure",""
"CISP","Country Investment Statistics Profile","894","Zambia","61840","Value US$, 2015 prices","23068","Credit to Agriculture, Forestry and Fishing","2023","2023","million USD","104.725201","A","Official figure",""
"CISP","Country Investment Statistics Profile","716","Zimbabwe","61840","Value US$, 2015 prices","23068","Credit to Agriculture, Forestry and Fishing","2011","2011","million USD","418.841754","A","Official figure",""
"CISP","Country Investment Statistics Profile","716","Zimbabwe","61840","Value US$, 2015 prices","23068","Credit to Agriculture, Forestry and Fishing","2012","2012","million USD","487.699476","A","Official figure",""
"CISP","Country Investment Statistics Profile","716","Zimbabwe","61840","Value US$, 2015 prices","23068","Credit to Agriculture, Forestry and Fishing","2013","2013","million USD","535.053354","A","Official figure",""
"CISP","Country Investment Statistics Profile","716","Zimbabwe","61840","Value US$, 2015 prices","23068","Credit to Agriculture, Forestry and Fishing","2014","2014","million USD","569.279355","A","Official figure",""
"CISP","Country Investment Statistics Profile","716","Zimbabwe","61840","Value US$, 2015 prices","23068","Credit to Agriculture, Forestry and Fishing","2015","2015","million USD","590.610636","A","Official figure",""
"CISP","Country Investment Statistics Profile","716","Zimbabwe","61840","Value US$, 2015 prices","23068","Credit to Agriculture, Forestry and Fishing","2016","2016","million USD","427.220106","A","Official figure",""
"CISP","Country Investment Statistics Profile","716","Zimbabwe","61840","Value US$, 2015 prices","23068","Credit to Agriculture, Forestry and Fishing","2017","2017","million USD","467.911705","A","Official figure",""
"CISP","Country Investment Statistics Profile","716","Zimbabwe","61840","Value US$, 2015 prices","23068","Credit to Agriculture, Forestry and Fishing","2018","2018","million USD","169.544454","A","Official figure",""
"CISP","Country Investment Statistics Profile","716","Zimbabwe","61840","Value US$, 2015 prices","23068","Credit to Agriculture, Forestry and Fishing","2019","2019","million USD","142.795413","A","Official figure",""
"CISP","Country Investment Statistics Profile","716","Zimbabwe","61840","Value US$, 2015 prices","23068","Credit to Agriculture, Forestry and Fishing","2020","2020","million USD","139.43754","A","Official figure",""
"CISP","Country Investment Statistics Profile","716","Zimbabwe","61840","Value US$, 2015 prices","23068","Credit to Agriculture, Forestry and Fishing","2021","2021","million USD","191.397797","A","Official figure",""
"CISP","Country Investment Statistics Profile","716","Zimbabwe","61840","Value US$, 2015 prices","23068","Credit to Agriculture, Forestry and Fishing","2022","2022","million USD","248.172007","A","Official figure",""
